Data Element Name,Domain Name,Data Class Name,Use Case Name,Domain,Use Case,Data Class,Data Element,Description,Submission Status,USCDI+ Level,Additional Information,In USCDI,Current USCDI Level,USCDI URL,Applicable Vocabulary Standard(s),Associated Project,Associated Project URL(s),Associated Reporting Program,Associated Reporting Program URL(s),Associated IG or Profile,Associated IG or Profile URL(s),Associated US Core Profile,Associated US Core Profile URL(s)
Gestational Age Determination Date,Public Health,Pregnancy Information,Case Reporting,bddf78228745b95098e5edb90cbb351f,d66045628745b95098e5edb90cbb350a,f98085628745b95098e5edb90cbb35c9,7f7c53d81bd5b110f7052f84604bcb64,Represents the date on which the estimated gestational age of pregnancy was determined.,published,,,no,,,,,,,,,,df5875021bbaf9108888a7d8624bcb20,https://hl7.org/fhir/us/core/StructureDefinition-us-core-simple-observation.html
Last Menstrual Period (LMP),Public Health,Pregnancy Information,Case Reporting,bddf78228745b95098e5edb90cbb351f,d66045628745b95098e5edb90cbb350a,f98085628745b95098e5edb90cbb35c9,c88c53d81bd5b110f7052f84604bcbb6,Date of the first day of the last menstrual period.,published,,,yes,Level 0,https://www.healthit.gov/isa/taxonomy/term/4666/level-0,,,,,,e399b9021bbaf9108888a7d8624bcbcf,https://hl7.org/fhir/us/vr-common-library/StructureDefinition-Observation-last-menstrual-period.html,,
Postpartum Status,Public Health,Pregnancy Information,Case Reporting,bddf78228745b95098e5edb90cbb351f,d66045628745b95098e5edb90cbb350a,f98085628745b95098e5edb90cbb35c9,e9a2329a1bb2bd1094626318624bcb55,"The postpartum status of a patient. If the template is present, the patient is in the postpartum period.",published,,,no,,,,,,,,378bb9821bbaf9108888a7d8624bcb1a,https://hl7.org/fhir/us/ph-library/2022Sep/StructureDefinition-us-ph-pregnancy-status-observation.html,a5973dce1b7af9108888a7d8624bcb81,https://hl7.org/fhir/us/core/StructureDefinition-us-core-observation-pregnancystatus.html
Estimated Date of Delivery,Public Health,Pregnancy Information,Case Reporting,bddf78228745b95098e5edb90cbb351f,d66045628745b95098e5edb90cbb350a,f98085628745b95098e5edb90cbb35c9,db7c53d81bd5b110f7052f84604bcb0e,The estimated due date (EDD) is the date that spontaneous onset of labor is expected to occur.,published,,,yes,Level 0,https://www.healthit.gov/isa/taxonomy/term/1621/level-0,,,,,,,,df5875021bbaf9108888a7d8624bcb20,https://hl7.org/fhir/us/core/StructureDefinition-us-core-simple-observation.html
Pregnancy Status Recorded Date,Public Health,Pregnancy Information,Case Reporting,bddf78228745b95098e5edb90cbb351f,d66045628745b95098e5edb90cbb350a,f98085628745b95098e5edb90cbb35c9,c98c93d81bd5b110f7052f84604bcbb1,The date the pregnancy status was recorded.,published,,,no,,,,,,,,378bb9821bbaf9108888a7d8624bcb1a,https://hl7.org/fhir/us/ph-library/2022Sep/StructureDefinition-us-ph-pregnancy-status-observation.html,a5973dce1b7af9108888a7d8624bcb81,https://hl7.org/fhir/us/core/StructureDefinition-us-core-observation-pregnancystatus.html
Pregnancy Status Determination Method,Public Health,Pregnancy Information,Case Reporting,bddf78228745b95098e5edb90cbb351f,d66045628745b95098e5edb90cbb350a,f98085628745b95098e5edb90cbb35c9,818c93d81bd5b110f7052f84604bcbb0,"Method used to determine whether a woman is pregnant or not, for example blood tests, urine tests, and ultrasound scans.",published,,,no,,,,,,,,378bb9821bbaf9108888a7d8624bcb1a,https://hl7.org/fhir/us/ph-library/2022Sep/StructureDefinition-us-ph-pregnancy-status-observation.html,a5973dce1b7af9108888a7d8624bcb81,https://hl7.org/fhir/us/core/StructureDefinition-us-core-observation-pregnancystatus.html
Pregnancy Status,Public Health,Pregnancy Information,Case Reporting,bddf78228745b95098e5edb90cbb351f,d66045628745b95098e5edb90cbb350a,f98085628745b95098e5edb90cbb35c9,858c93d81bd5b110f7052f84604bcbae,"State or condition of being pregnant or intent to become pregnant.
Examples include but are not limited to pregnant, not pregnant, and unknown.",published,,,yes,USCDI V4,https://www.healthit.gov/isa/taxonomy/term/1651/uscdi-v4,08743a141b4b7510e99d5247624bcbc3,,,,,378bb9821bbaf9108888a7d8624bcb1a,https://hl7.org/fhir/us/ph-library/2022Sep/StructureDefinition-us-ph-pregnancy-status-observation.html,a5973dce1b7af9108888a7d8624bcb81,https://hl7.org/fhir/us/core/StructureDefinition-us-core-observation-pregnancystatus.html
Gestational Age,Public Health,Pregnancy Information,Case Reporting,bddf78228745b95098e5edb90cbb351f,d66045628745b95098e5edb90cbb350a,f98085628745b95098e5edb90cbb35c9,777c53d81bd5b110f7052f84604bcb61,"The estimated gestational age (in weeks, or weeks and fraction of week) of the pregnancy at the time of the health care encounter (in contrast to the gestational age at birth), beginning from the time of fertilization. Needs to be correlated with the date the gestational age was documented. Gestational age (written with both weeks and days) is calculated using the best obstetrical estimated delivery date (EDD) based on the following formula: Gestational Age = (280 - (EDD - Reference Date))/ 7.",published,,,yes,Level 0,https://www.healthit.gov/isa/taxonomy/term/1671/level-0,,,,,,,,df5875021bbaf9108888a7d8624bcb20,https://hl7.org/fhir/us/core/StructureDefinition-us-core-simple-observation.html
Gestational Age Determination Method,Public Health,Pregnancy Information,Case Reporting,bddf78228745b95098e5edb90cbb351f,d66045628745b95098e5edb90cbb350a,f98085628745b95098e5edb90cbb35c9,b77c53d81bd5b110f7052f84604bcb66,"Method for estimating gestational age, e.g., ultrasound, date of LMP.",published,,,no,,,,,,,,,,df5875021bbaf9108888a7d8624bcb20,https://hl7.org/fhir/us/core/StructureDefinition-us-core-simple-observation.html
Estimated Date of Delivery Determination Method,Public Health,Pregnancy Information,Case Reporting,bddf78228745b95098e5edb90cbb351f,d66045628745b95098e5edb90cbb350a,f98085628745b95098e5edb90cbb35c9,d77c53d81bd5b110f7052f84604bcb10,"Method used to estimate the date of delivery, e.g., data from LMP, ultrasound etc.",published,,,no,,,,,,,,,,df5875021bbaf9108888a7d8624bcb20,https://hl7.org/fhir/us/core/StructureDefinition-us-core-simple-observation.html
Occupational Exposure/Hazard,Public Health,Work Information,Case Reporting,bddf78228745b95098e5edb90cbb351f,d66045628745b95098e5edb90cbb350a,468085628745b95098e5edb90cbb35ec,388c93d81bd5b110f7052f84604bcb27,"A hazard that is specific to a person's work or work environment for a single job and with which the person might come in contact. A hazard is a source of potential harm to an individual's physical or mental health (e.g., biological, chemical, physical, psychological, radiological).",published,,,no,,,8e643a141b4b7510e99d5247624bcb96,,,,,"d5eab9821bbaf9108888a7d8624bcb16,00be9725873c465098e5edb90cbb3545","https://hl7.org/fhir/us/ecr/StructureDefinition-us-ph-exposure-contact-information.html,https://hl7.org/fhir/us/odh/STU1.1/StructureDefinition-odh-OccupationalDataForHealth.html",df5875021bbaf9108888a7d8624bcb20,https://hl7.org/fhir/us/core/StructureDefinition-us-core-simple-observation.html
Job Employer Address,Public Health,Work Information,Case Reporting,bddf78228745b95098e5edb90cbb351f,d66045628745b95098e5edb90cbb350a,468085628745b95098e5edb90cbb35ec,448c53d81bd5b110f7052f84604bcbad,The self-reported Employer Address; this is not necessarily the work location.,published,,,yes,Level 2,https://www.healthit.gov/isa/taxonomy/term/3341/level-2,,,,,,,,,
Job Employer Name,Public Health,Work Information,Case Reporting,bddf78228745b95098e5edb90cbb351f,d66045628745b95098e5edb90cbb350a,468085628745b95098e5edb90cbb35ec,8c8c53d81bd5b110f7052f84604bcbae,"The company, organization, or individual that provides compensation for a job or that assigns work to a volunteer, as reported by the person. For a military position, this is the self-reported duty station (home base).",published,,,yes,Level 2,https://www.healthit.gov/isa/taxonomy/term/3346/level-2,,,,,,,,,
Usual Industry,Public Health,Work Information,Case Reporting,bddf78228745b95098e5edb90cbb351f,d66045628745b95098e5edb90cbb350a,468085628745b95098e5edb90cbb35ec,5a8c17d81bd5b110f7052f84604bcb15,"A self-reported term that identifies the kind of business, i.e., primary business activity, in which a person has worked for the longest time while in their Usual Occupation. For a military position, this is the self-reported branch of service. If an appropriate term is not available (e.g., a new kind of business), then a text entry is used.",published,,,yes,Level 2,https://www.healthit.gov/isa/taxonomy/term/3401/level-2,,,,,,d5eab9821bbaf9108888a7d8624bcb16,https://hl7.org/fhir/us/ecr/StructureDefinition-us-ph-exposure-contact-information.html,0ad77dce1b7af9108888a7d8624bcbe3,https://hl7.org/fhir/us/core/StructureDefinition-us-core-observation-occupation.html
Usual Occupation,Public Health,Work Information,Case Reporting,bddf78228745b95098e5edb90cbb351f,d66045628745b95098e5edb90cbb350a,468085628745b95098e5edb90cbb35ec,928c17d81bd5b110f7052f84604bcb17,"A self-reported, coded term for the type of work (paid or unpaid) done by a person for the longest amount of time during his or her life, not including voluntary work (done by choice for the benefit of others without compensation).",published,,,yes,Level 2,https://www.healthit.gov/isa/taxonomy/term/3406/level-2,,,,,,d5eab9821bbaf9108888a7d8624bcb16,https://hl7.org/fhir/us/ecr/StructureDefinition-us-ph-exposure-contact-information.html,0ad77dce1b7af9108888a7d8624bcbe3,https://hl7.org/fhir/us/core/StructureDefinition-us-core-observation-occupation.html
Laboratory Results: Date and Timestamps,Public Health,Laboratory,Case Reporting,bddf78228745b95098e5edb90cbb351f,d66045628745b95098e5edb90cbb350a,7d8085628745b95098e5edb90cbb35e5,008c53d81bd5b110f7052f84604bcbb2,"Date and timestamps associated with the completion of laboratory results, that are meta data associated with laboratory results.",published,,,yes,Level 2,https://www.healthit.gov/isa/taxonomy/term/2426/level-2,08743a141b4b7510e99d5247624bcbc3,,,,,7a0b35821bbaf9108888a7d8624bcb44,https://hl7.org/fhir/us/ph-library/2022Sep/StructureDefinition-us-ph-lab-result-observation.html,"5598a5c21b7af9108888a7d8624bcb8f,1ffe75f51bf23d1094626318624bcb42","https://hl7.org/fhir/us/core/StructureDefinition-us-core-observation-lab.html,https://hl7.org/fhir/us/core/StructureDefinition-us-core-diagnosticreport-lab.html"
Laboratory Test/Panel Code,Public Health,Laboratory,Case Reporting,bddf78228745b95098e5edb90cbb351f,d66045628745b95098e5edb90cbb350a,7d8085628745b95098e5edb90cbb35e5,808c53d81bd5b110f7052f84604bcbb5,"An identifier for the analysis of specimens derived from humans which provide information for the diagnosis, prevention, treatment of disease, or assessment of health.
",published,,Data element included in the Electronic Reporting and Surveillance Distribution (eRSD) Reportable Condition Trigger Codes (RCTC),yes,Level 2,https://www.healthit.gov/isa/taxonomy/term/2431/level-2,,,,,,7a0b35821bbaf9108888a7d8624bcb44,https://hl7.org/fhir/us/ph-library/2022Sep/StructureDefinition-us-ph-lab-result-observation.html,"1ffe75f51bf23d1094626318624bcb42,5598a5c21b7af9108888a7d8624bcb8f","https://hl7.org/fhir/us/core/StructureDefinition-us-core-diagnosticreport-lab.html,https://hl7.org/fhir/us/core/StructureDefinition-us-core-observation-lab.html"
Result Status,Public Health,Laboratory,Case Reporting,bddf78228745b95098e5edb90cbb351f,d66045628745b95098e5edb90cbb350a,7d8085628745b95098e5edb90cbb35e5,258cd3d81bd5b110f7052f84604bcb1c,State or condition of a laboratory test.,published,,,yes,USCDI V4,https://www.healthit.gov/isa/taxonomy/term/2441/uscdi-v4,,,,,,7a0b35821bbaf9108888a7d8624bcb44,https://hl7.org/fhir/us/ph-library/2022Sep/StructureDefinition-us-ph-lab-result-observation.html,5598a5c21b7af9108888a7d8624bcb8f,https://hl7.org/fhir/us/core/StructureDefinition-us-core-observation-lab.html
Specimen Type,Public Health,Laboratory,Case Reporting,bddf78228745b95098e5edb90cbb351f,d66045628745b95098e5edb90cbb350a,7d8085628745b95098e5edb90cbb35e5,358cd3d81bd5b110f7052f84604bcb49,"Substance being sampled or tested.
Examples include but are not limited to nasopharyngeal swab, whole blood, serum, urine, and wound swab.",published,,,yes,USCDI V4,https://www.healthit.gov/isa/taxonomy/term/2491/uscdi-v4,8284fa141b4b7510e99d5247624bcb5f,,,,,,,09f76dc21b7af9108888a7d8624bcb31,https://hl7.org/fhir/us/core/StructureDefinition-us-core-specimen.html
Laboratory Result Test Name,Public Health,Laboratory,Case Reporting,bddf78228745b95098e5edb90cbb351f,d66045628745b95098e5edb90cbb350a,7d8085628745b95098e5edb90cbb35e5,abbb4cd61b7a7d1094626318624bcbf3,"Analysis of specimens derived from humans which provide information for the diagnosis, prevention, treatment of disease, or assessment of health.
",published,,"Data element included in the Electronic Reporting and Surveillance Distribution (eRSD) Reportable Condition Trigger Codes (RCTC)
",no,,,,,,,,,,,
Laboratory Test Performed Date,Public Health,Laboratory,Case Reporting,bddf78228745b95098e5edb90cbb351f,d66045628745b95098e5edb90cbb350a,7d8085628745b95098e5edb90cbb35e5,488c53d81bd5b110f7052f84604bcbb3,"The clinically relevant date/time of the observation. In the case of observations taken directly from a subject, it is the actual date and time the observation was obtained. In the case of a specimen-associated study, this field shall represent the date and time the specimen was collected or obtained.",published,,,yes,Level 2,https://www.healthit.gov/isa/taxonomy/term/2436/level-2,,,,,,7a0b35821bbaf9108888a7d8624bcb44,https://hl7.org/fhir/us/ph-library/2022Sep/StructureDefinition-us-ph-lab-result-observation.html,"5598a5c21b7af9108888a7d8624bcb8f,1ffe75f51bf23d1094626318624bcb42","https://hl7.org/fhir/us/core/StructureDefinition-us-core-observation-lab.html,https://hl7.org/fhir/us/core/StructureDefinition-us-core-diagnosticreport-lab.html"
Specimen Identifier,Public Health,Laboratory,Case Reporting,bddf78228745b95098e5edb90cbb351f,d66045628745b95098e5edb90cbb350a,7d8085628745b95098e5edb90cbb35e5,f18cd3d81bd5b110f7052f84604bcb44,"Sequence of characters assigned by a laboratory for an individual specimen.
Example includes but is not limited to accession number.",published,,,yes,USCDI V4,https://www.healthit.gov/isa/taxonomy/term/3721/uscdi-v4,"8284fa141b4b7510e99d5247624bcb5f,08743a141b4b7510e99d5247624bcbc3",,,,,,,09f76dc21b7af9108888a7d8624bcb31,https://hl7.org/fhir/us/core/StructureDefinition-us-core-specimen.html
Values/Results,Public Health,Laboratory,Case Reporting,bddf78228745b95098e5edb90cbb351f,d66045628745b95098e5edb90cbb350a,7d8085628745b95098e5edb90cbb35e5,168c17d81bd5b110f7052f84604bcb68,Documented findings of a tested specimen including structured and unstructured components.,published,,,yes,USCDI V4,https://www.healthit.gov/isa/taxonomy/term/681/uscdi-v4,8284fa141b4b7510e99d5247624bcb5f,,,,,7a0b35821bbaf9108888a7d8624bcb44,https://hl7.org/fhir/us/ph-library/2022Sep/StructureDefinition-us-ph-lab-result-observation.html,"1ffe75f51bf23d1094626318624bcb42,5598a5c21b7af9108888a7d8624bcb8f","https://hl7.org/fhir/us/core/StructureDefinition-us-core-diagnosticreport-lab.html,https://hl7.org/fhir/us/core/StructureDefinition-us-core-observation-lab.html"
Specimen Source Site,Public Health,Laboratory,Case Reporting,bddf78228745b95098e5edb90cbb351f,d66045628745b95098e5edb90cbb350a,7d8085628745b95098e5edb90cbb35e5,398cd3d81bd5b110f7052f84604bcb47,"Body location from where a specimen was obtained. Examples include but are not limited to right internal jugular, left arm, and right eye.",published,,,yes,USCDI V4,https://www.healthit.gov/isa/taxonomy/term/2481/uscdi-v4,8284fa141b4b7510e99d5247624bcb5f,,,,,,,09f76dc21b7af9108888a7d8624bcb31,https://hl7.org/fhir/us/core/StructureDefinition-us-core-specimen.html
Placer Order Number,Public Health,Laboratory,Case Reporting,bddf78228745b95098e5edb90cbb351f,d66045628745b95098e5edb90cbb350a,7d8085628745b95098e5edb90cbb35e5,3f93b2da1bb2bd1094626318624bcb13,Identifier for the laboratory order from the encounter.,published,,,no,,,,,,,,,,5598a5c21b7af9108888a7d8624bcb8f,https://hl7.org/fhir/us/core/StructureDefinition-us-core-observation-lab.html
Specimen Collection Date/Time,Public Health,Laboratory,Case Reporting,bddf78228745b95098e5edb90cbb351f,d66045628745b95098e5edb90cbb350a,7d8085628745b95098e5edb90cbb35e5,798cd3d81bd5b110f7052f84604bcb3d,Date/time when clinical specimen was collected from subject patient.,published,,,yes,Level 2,https://www.healthit.gov/isa/taxonomy/term/3256/level-2,,,,,,,,"09f76dc21b7af9108888a7d8624bcb31,5598a5c21b7af9108888a7d8624bcb8f","https://hl7.org/fhir/us/core/StructureDefinition-us-core-specimen.html,https://hl7.org/fhir/us/core/StructureDefinition-us-core-observation-lab.html"
Medical Record Number,Public Health,Patient Demographics,Case Reporting,bddf78228745b95098e5edb90cbb351f,d66045628745b95098e5edb90cbb350a,c28085628745b95098e5edb90cbb35f1,508c53d81bd5b110f7052f84604bcbc7,The unique identifier assigned by the provider to reference a single patient.,published,,,yes,Level 0,https://www.healthit.gov/isa/taxonomy/term/2611/level-0,,,,,,ba6b35821bbaf9108888a7d8624bcb84,https://hl7.org/fhir/us/ph-library/2022Sep/StructureDefinition-us-ph-patient.html,eff7b5021bbaf9108888a7d8624bcb06,https://hl7.org/fhir/us/core/StructureDefinition-us-core-patient.html
Patient's Primary Care Provider,Public Health,Patient Demographics,Case Reporting,bddf78228745b95098e5edb90cbb351f,d66045628745b95098e5edb90cbb350a,c28085628745b95098e5edb90cbb35f1,708c93d81bd5b110f7052f84604bcb56,Patient's nominated care provider.,published,,,yes,Level 1,https://www.healthit.gov/isa/taxonomy/term/2651/level-1,,,,,,ba6b35821bbaf9108888a7d8624bcb84,https://hl7.org/fhir/us/ph-library/2022Sep/StructureDefinition-us-ph-patient.html,"eff7b5021bbaf9108888a7d8624bcb06,bc7bf5351bf23d1094626318624bcb4d","https://hl7.org/fhir/us/core/StructureDefinition-us-core-patient.html,https://hl7.org/fhir/us/core/StructureDefinition-us-core-careteam.html"
Country of Usual Residence,Public Health,Patient Demographics,Case Reporting,bddf78228745b95098e5edb90cbb351f,d66045628745b95098e5edb90cbb350a,c28085628745b95098e5edb90cbb35f1,fa7c13d81bd5b110f7052f84604bcb7b,The patient’s usual country of residence.,published,,,yes,Level 0,https://www.healthit.gov/isa/taxonomy/term/3671/level-0,,,,,,ba6b35821bbaf9108888a7d8624bcb84,https://hl7.org/fhir/us/ph-library/2022Sep/StructureDefinition-us-ph-patient.html,eff7b5021bbaf9108888a7d8624bcb06,https://hl7.org/fhir/us/core/StructureDefinition-us-core-patient.html
Gender Identity,Public Health,Patient Demographics,Case Reporting,bddf78228745b95098e5edb90cbb351f,d66045628745b95098e5edb90cbb350a,c28085628745b95098e5edb90cbb35f1,2f7c53d81bd5b110f7052f84604bcb5f,"A person’s internal sense of being a man, woman, both, or neither.",published,,,yes,USCDI V4,https://www.healthit.gov/isa/taxonomy/term/2736/uscdi-v4,"8284fa141b4b7510e99d5247624bcb5f,08743a141b4b7510e99d5247624bcbc3",,,,,ba6b35821bbaf9108888a7d8624bcb84,https://hl7.org/fhir/us/ph-library/2022Sep/StructureDefinition-us-ph-patient.html,"eff7b5021bbaf9108888a7d8624bcb06,48c73dce1b7af9108888a7d8624bcb0b","https://hl7.org/fhir/us/core/StructureDefinition-us-core-patient.html,https://hl7.org/fhir/us/core/StructureDefinition-us-core-observation-sexual-orientation.html"
Current Job Title,Public Health,Patient Demographics,Case Reporting,bddf78228745b95098e5edb90cbb351f,d66045628745b95098e5edb90cbb350a,c28085628745b95098e5edb90cbb35f1,66bd1a421bf27d1094626318624bcb22,"Title of the currently held job.
",published,,,no,,,,,,,,d5eab9821bbaf9108888a7d8624bcb16,https://hl7.org/fhir/us/ecr/StructureDefinition-us-ph-exposure-contact-information.html,0ad77dce1b7af9108888a7d8624bcbe3,https://hl7.org/fhir/us/core/StructureDefinition-us-core-observation-occupation.html
Ethnicity,Public Health,Patient Demographics,Case Reporting,bddf78228745b95098e5edb90cbb351f,d66045628745b95098e5edb90cbb350a,c28085628745b95098e5edb90cbb35f1,137c53d81bd5b110f7052f84604bcb12,Patient's self-identification as Hispanic/ Latino or Non- Hispanic/ Non-Latino.,published,,,yes,USCDI V4,https://www.healthit.gov/isa/taxonomy/term/746/uscdi-v4,"802436141b4b7510e99d5247624bcb41,5774fa141b4b7510e99d5247624bcb97,08743a141b4b7510e99d5247624bcbc3",,,,,,,"eff7b5021bbaf9108888a7d8624bcb06,c0a5714a1b7af9108888a7d8624bcbb3","https://hl7.org/fhir/us/core/StructureDefinition-us-core-patient.html,https://hl7.org/fhir/us/core/StructureDefinition-us-core-ethnicity.html"
Patient Vital Status,Public Health,Patient Demographics,Case Reporting,bddf78228745b95098e5edb90cbb351f,d66045628745b95098e5edb90cbb350a,c28085628745b95098e5edb90cbb35f1,388c93d81bd5b110f7052f84604bcb54,Patient vital status of alive/dead.,published,,,yes,Level 0,https://www.healthit.gov/isa/taxonomy/term/2721/level-0,,,,,,ba6b35821bbaf9108888a7d8624bcb84,https://hl7.org/fhir/us/ph-library/2022Sep/StructureDefinition-us-ph-patient.html,eff7b5021bbaf9108888a7d8624bcb06,https://hl7.org/fhir/us/core/StructureDefinition-us-core-patient.html
Current Occupation,Public Health,Patient Demographics,Case Reporting,bddf78228745b95098e5edb90cbb351f,d66045628745b95098e5edb90cbb350a,c28085628745b95098e5edb90cbb35f1,701e1e821bf27d1094626318624bcbfd,"Occupation which the subject currently holds.
",published,,,no,,,,,,,,d5eab9821bbaf9108888a7d8624bcb16,https://hl7.org/fhir/us/ecr/StructureDefinition-us-ph-exposure-contact-information.html,0ad77dce1b7af9108888a7d8624bcbe3,https://hl7.org/fhir/us/core/StructureDefinition-us-core-observation-occupation.html
Date of Birth,Public Health,Patient Demographics,Case Reporting,bddf78228745b95098e5edb90cbb351f,d66045628745b95098e5edb90cbb350a,c28085628745b95098e5edb90cbb35f1,f27c13d81bd5b110f7052f84604bcb89,"Known or estimated year, month, and day of the patient's birth.",published,,,yes,USCDI V4,https://www.healthit.gov/isa/taxonomy/term/736/uscdi-v4,,,,,,ba6b35821bbaf9108888a7d8624bcb84,https://hl7.org/fhir/us/ph-library/2022Sep/StructureDefinition-us-ph-patient.html,eff7b5021bbaf9108888a7d8624bcb06,https://hl7.org/fhir/us/core/StructureDefinition-us-core-patient.html
Country of Nationality,Public Health,Patient Demographics,Case Reporting,bddf78228745b95098e5edb90cbb351f,d66045628745b95098e5edb90cbb350a,c28085628745b95098e5edb90cbb35f1,b27c13d81bd5b110f7052f84604bcb7a,The patient's country of nationality.,published,,,yes,Level 0,https://www.healthit.gov/isa/taxonomy/term/4416/level-0,,,,,,051a7d021bbaf9108888a7d8624bcb1a,https://hl7.org/fhir/us/qicore/STU5/StructureDefinition-qicore-patient.html,,
Related Person's Phone Number,Public Health,Patient Demographics,Case Reporting,bddf78228745b95098e5edb90cbb351f,d66045628745b95098e5edb90cbb350a,c28085628745b95098e5edb90cbb35f1,698cd3d81bd5b110f7052f84604bcb10,Numbers or symbols to contact an individual with a  legal or familial relationship to a patient using a telephone.,published,,,no,,,,,,,,d5eab9821bbaf9108888a7d8624bcb16,https://hl7.org/fhir/us/ecr/StructureDefinition-us-ph-exposure-contact-information.html,"e04839021bbaf9108888a7d8624bcb9a,eff7b5021bbaf9108888a7d8624bcb06","https://hl7.org/fhir/us/core/StructureDefinition-us-core-relatedperson.html,https://hl7.org/fhir/us/core/StructureDefinition-us-core-patient.html"
Date of Death,Public Health,Patient Demographics,Case Reporting,bddf78228745b95098e5edb90cbb351f,d66045628745b95098e5edb90cbb350a,c28085628745b95098e5edb90cbb35f1,0f7c13d81bd5b110f7052f84604bcb8a,"Known or estimated year, month, and day of the patient's death.",published,,,yes,USCDI V4,https://www.healthit.gov/isa/taxonomy/term/2726/uscdi-v4,,,,,,ba6b35821bbaf9108888a7d8624bcb84,https://hl7.org/fhir/us/ph-library/2022Sep/StructureDefinition-us-ph-patient.html,eff7b5021bbaf9108888a7d8624bcb06,https://hl7.org/fhir/us/core/StructureDefinition-us-core-patient.html
Current Employer Phone,Public Health,Patient Demographics,Case Reporting,bddf78228745b95098e5edb90cbb351f,d66045628745b95098e5edb90cbb350a,c28085628745b95098e5edb90cbb35f1,6f379a0a1bb27d1094626318624bcb6c,"Phone number of the current employer.
",published,,,no,,,,,,,,d5eab9821bbaf9108888a7d8624bcb16,https://hl7.org/fhir/us/ecr/StructureDefinition-us-ph-exposure-contact-information.html,0ad77dce1b7af9108888a7d8624bcbe3,https://hl7.org/fhir/us/core/StructureDefinition-us-core-observation-occupation.html
Race,Public Health,Patient Demographics,Case Reporting,bddf78228745b95098e5edb90cbb351f,d66045628745b95098e5edb90cbb350a,c28085628745b95098e5edb90cbb35f1,198c93d81bd5b110f7052f84604bcbe4,An individual’s response to the race question based upon self-identification.,published,,,yes,USCDI V4,https://www.healthit.gov/isa/taxonomy/term/741/uscdi-v4,"5774fa141b4b7510e99d5247624bcb97,802436141b4b7510e99d5247624bcb41,08743a141b4b7510e99d5247624bcbc3",,,,,ba6b35821bbaf9108888a7d8624bcb84,https://hl7.org/fhir/us/ph-library/2022Sep/StructureDefinition-us-ph-patient.html,"e4387dce1b7af9108888a7d8624bcb1c,eff7b5021bbaf9108888a7d8624bcb06","https://build.fhir.org/ig/HL7/US-Core/StructureDefinition-us-core-race.html,https://hl7.org/fhir/us/core/StructureDefinition-us-core-patient.html"
Tribal Enrollment,Public Health,Patient Demographics,Case Reporting,bddf78228745b95098e5edb90cbb351f,d66045628745b95098e5edb90cbb350a,c28085628745b95098e5edb90cbb35f1,9a8cd3d81bd5b110f7052f84604bcbe0,Process of obtaining membership in a federally recognized tribe or tribal community,published,,,no,,,,,,,,"ba6b35821bbaf9108888a7d8624bcb84,ce1db5061bbaf9108888a7d8624bcb33","https://hl7.org/fhir/us/ph-library/2022Sep/StructureDefinition-us-ph-patient.html,https://hl7.org/fhir/us/ecr/StructureDefinition-us-ph-tribal-affiliation-extension.html","eff7b5021bbaf9108888a7d8624bcb06,2598b9021bbaf9108888a7d8624bcbd6","https://hl7.org/fhir/us/core/StructureDefinition-us-core-patient.html,https://hl7.org/fhir/us/core/StructureDefinition-us-core-tribal-affiliation.html"
Preferred Language,Public Health,Patient Demographics,Case Reporting,bddf78228745b95098e5edb90cbb351f,d66045628745b95098e5edb90cbb350a,c28085628745b95098e5edb90cbb35f1,498c93d81bd5b110f7052f84604bcba7,Documented language that the patient would like to use when discussing health care.,published,,,yes,USCDI V4,https://www.healthit.gov/isa/taxonomy/term/1651/uscdi-v4,1f64b6141b4b7510e99d5247624bcbd9,,,,,ba6b35821bbaf9108888a7d8624bcb84,https://hl7.org/fhir/us/ph-library/2022Sep/StructureDefinition-us-ph-patient.html,eff7b5021bbaf9108888a7d8624bcb06,https://hl7.org/fhir/us/core/StructureDefinition-us-core-patient.html
Patient Name,Public Health,Patient Demographics,Case Reporting,bddf78228745b95098e5edb90cbb351f,d66045628745b95098e5edb90cbb350a,c28085628745b95098e5edb90cbb35f1,f1a4721e1bb2bd1094626318624bcb54,"All names for the patient, including legal names and aliases. Must include the name type (i.e., legal or alias), first name, middle name, and last name.",published,,,no,,,,,,,,ba6b35821bbaf9108888a7d8624bcb84,https://hl7.org/fhir/us/ph-library/2022Sep/StructureDefinition-us-ph-patient.html,eff7b5021bbaf9108888a7d8624bcb06,https://hl7.org/fhir/us/core/StructureDefinition-us-core-patient.html
Medicare Patient Identifier,Public Health,Patient Demographics,Case Reporting,bddf78228745b95098e5edb90cbb351f,d66045628745b95098e5edb90cbb350a,c28085628745b95098e5edb90cbb35f1,988c53d81bd5b110f7052f84604bcbc8,Medicare Beneficiary Identifiers (MBI) used to uniquely identify Medicare patients.,published,,,yes,Level 2,https://www.healthit.gov/isa/taxonomy/term/2686/level-2,,,,,,,,c4d925821b7af9108888a7d8624bcb0c,https://hl7.org/fhir/us/core/StructureDefinition-us-core-coverage.html
Identifier,Public Health,Patient Demographics,Case Reporting,bddf78228745b95098e5edb90cbb351f,d66045628745b95098e5edb90cbb350a,c28085628745b95098e5edb90cbb35f1,4c8c53d81bd5b110f7052f84604bcb8c,An identifier for the patient.,published,,,yes,Level 2,https://www.healthit.gov/isa/taxonomy/term/2711/level-2,,,,,,ba6b35821bbaf9108888a7d8624bcb84,https://hl7.org/fhir/us/ph-library/2022Sep/StructureDefinition-us-ph-patient.html,eff7b5021bbaf9108888a7d8624bcb06,https://hl7.org/fhir/us/core/StructureDefinition-us-core-patient.html
Related Person's Email,Public Health,Patient Demographics,Case Reporting,bddf78228745b95098e5edb90cbb351f,d66045628745b95098e5edb90cbb350a,c28085628745b95098e5edb90cbb35f1,258cd3d81bd5b110f7052f84604bcb0d,Email address of the person with a legal or familial relationship to a patient.,published,,,no,,,,,,,,d5eab9821bbaf9108888a7d8624bcb16,https://hl7.org/fhir/us/ecr/StructureDefinition-us-ph-exposure-contact-information.html,"e04839021bbaf9108888a7d8624bcb9a,eff7b5021bbaf9108888a7d8624bcb06","https://hl7.org/fhir/us/core/StructureDefinition-us-core-relatedperson.html,https://hl7.org/fhir/us/core/StructureDefinition-us-core-patient.html"
Sex,Public Health,Patient Demographics,Case Reporting,bddf78228745b95098e5edb90cbb351f,d66045628745b95098e5edb90cbb350a,c28085628745b95098e5edb90cbb35f1,798cd3d81bd5b110f7052f84604bcb2e,Documentation of a specific instance of sex and/or gender information.,published,,,yes,USCDI V4,https://www.healthit.gov/isa/taxonomy/term/731/uscdi-v4,8284fa141b4b7510e99d5247624bcb5f,,,,,ba6b35821bbaf9108888a7d8624bcb84,https://hl7.org/fhir/us/ph-library/2022Sep/StructureDefinition-us-ph-patient.html,eff7b5021bbaf9108888a7d8624bcb06,https://hl7.org/fhir/us/core/StructureDefinition-us-core-patient.html
Current Industry,Public Health,Patient Demographics,Case Reporting,bddf78228745b95098e5edb90cbb351f,d66045628745b95098e5edb90cbb350a,c28085628745b95098e5edb90cbb35f1,370d9a421bf27d1094626318624bcb26,"Type of business (industry) in which the subject currently holds a job.
",published,,,no,,,,,,,,d5eab9821bbaf9108888a7d8624bcb16,https://hl7.org/fhir/us/ecr/StructureDefinition-us-ph-exposure-contact-information.html,0ad77dce1b7af9108888a7d8624bcbe3,https://hl7.org/fhir/us/core/StructureDefinition-us-core-observation-occupation.html
Current Address,Public Health,Patient Demographics,Case Reporting,bddf78228745b95098e5edb90cbb351f,d66045628745b95098e5edb90cbb350a,c28085628745b95098e5edb90cbb35f1,7a7c13d81bd5b110f7052f84604bcb82,"Place where a person is located or may be contacted. Includes street name, number, city/town, state, and zip code.",published,,,yes,USCDI V4,https://www.healthit.gov/isa/taxonomy/term/756/uscdi-v4,8894ba141b4b7510e99d5247624bcb10,,,,,ba6b35821bbaf9108888a7d8624bcb84,https://hl7.org/fhir/us/ph-library/2022Sep/StructureDefinition-us-ph-patient.html,eff7b5021bbaf9108888a7d8624bcb06,https://hl7.org/fhir/us/core/StructureDefinition-us-core-patient.html
Parent/Guardian Name,Public Health,Patient Demographics,Case Reporting,bddf78228745b95098e5edb90cbb351f,d66045628745b95098e5edb90cbb350a,c28085628745b95098e5edb90cbb35f1,66d5329e1bb2bd1094626318624bcb99,"All names for the patient’s parent or guardian, including legal names and aliases (if patient age is < 18 years).  May include name type (i.e., legal or alias), first name, middle name, and last name.",published,,,no,,,,,,,,,,"e04839021bbaf9108888a7d8624bcb9a,eff7b5021bbaf9108888a7d8624bcb06","https://hl7.org/fhir/us/core/StructureDefinition-us-core-relatedperson.html,https://hl7.org/fhir/us/core/StructureDefinition-us-core-patient.html"
Housing Instability,Public Health,Social Determinants of Health,Case Reporting,bddf78228745b95098e5edb90cbb351f,d66045628745b95098e5edb90cbb350a,828085628745b95098e5edb90cbb35fa,f5f908961b7a7d1094626318624bcb2b,"Currently consistently housed but experiencing any of the following circumstances in the last 12 months: behind on rent or mortgage, 3 or more relocations, housing cost burden, homelessness, or risk of eviction.",published,,,yes,Level 0,https://www.healthit.gov/isa/taxonomy/term/1911/level-0,"08743a141b4b7510e99d5247624bcbc3,8284fa141b4b7510e99d5247624bcb5f,8e643a141b4b7510e99d5247624bcb96",,,,,"c04af1821bbaf9108888a7d8624bcbb5,490fdfe1873c465098e5edb90cbb35be","https://hl7.org/fhir/us/ph-library/2022Sep/StructureDefinition-us-ph-characteristics-of-home-environment.html,https://hl7.org/fhir/us/sdoh-clinicalcare/StructureDefinition-SDOHCC-Condition.html","b09965061b7af9108888a7d8624bcb82,df5875021bbaf9108888a7d8624bcb20","https://hl7.org/fhir/us/core/StructureDefinition-us-core-condition-problems-health-concerns.html,https://hl7.org/fhir/us/core/StructureDefinition-us-core-simple-observation.html"
Congregate Living,Public Health,Social Determinants of Health,Case Reporting,bddf78228745b95098e5edb90cbb351f,d66045628745b95098e5edb90cbb350a,828085628745b95098e5edb90cbb35fa,367c13d81bd5b110f7052f84604bcb75,"Shared housing includes a broad range of settings, such as apartments, condominiums, student or faculty housing, national and state park staff housing, transitional housing, and domestic violence and abuse shelters.",published,,,yes,Level 2,https://www.healthit.gov/isa/taxonomy/term/4426/level-2,08743a141b4b7510e99d5247624bcbc3,,,,,"c04af1821bbaf9108888a7d8624bcbb5,490fdfe1873c465098e5edb90cbb35be","https://hl7.org/fhir/us/ph-library/2022Sep/StructureDefinition-us-ph-characteristics-of-home-environment.html,https://hl7.org/fhir/us/sdoh-clinicalcare/StructureDefinition-SDOHCC-Condition.html",df5875021bbaf9108888a7d8624bcb20,https://hl7.org/fhir/us/core/StructureDefinition-us-core-simple-observation.html
Vital Signs,Public Health,Vital Signs,Case Reporting,bddf78228745b95098e5edb90cbb351f,d66045628745b95098e5edb90cbb350a,0a8085628745b95098e5edb90cbb35eb,c0446ec61bf27d1094626318624bcb0b,"List of patient symptoms (structured) for the reportable event.
",published,,,yes,USCDI v4,https://www.healthit.gov/isa/taxonomy/term/3131#uscdi-v4,"08743a141b4b7510e99d5247624bcbc3,cb84fa141b4b7510e99d5247624bcb9d",,,,,,,d938adc21b7af9108888a7d8624bcb01,https://hl7.org/fhir/us/core/StructureDefinition-us-core-vital-signs.html
Encounter Location,Public Health,Encounter Information,Case Reporting,bddf78228745b95098e5edb90cbb351f,d66045628745b95098e5edb90cbb350a,bd8085628745b95098e5edb90cbb35d2,937c53d81bd5b110f7052f84604bcb06,Place where a patient’s care is delivered.,published,,"USCDI+ Public Health: Data element included in the Electronic Reporting and Surveillance Distribution (eRSD) Reportable Condition Trigger Codes (RCTC)
",yes,USCDI V4,https://www.healthit.gov/isa/taxonomy/term/1336/uscdi-v4,8284fa141b4b7510e99d5247624bcb5f,,,,,5ccab9821bbaf9108888a7d8624bcb12,https://hl7.org/fhir/us/ph-library/2022Sep/StructureDefinition-us-ph-encounter.html,0b75b58e1b7af9108888a7d8624bcb65,https://hl7.org/fhir/us/core/StructureDefinition-us-core-encounter.html
Encounter Status,Public Health,Encounter Information,Case Reporting,bddf78228745b95098e5edb90cbb351f,d66045628745b95098e5edb90cbb350a,bd8085628745b95098e5edb90cbb35d2,d77c53d81bd5b110f7052f84604bcb09,Current state of the encounter: Planned; Arrived; Triaged; In progress; On leave; Finished; Cancelled;Entered in error; Unknown.,published,,,yes,Level 0,https://www.healthit.gov/isa/taxonomy/term/1346/level-0,,,,,,5ccab9821bbaf9108888a7d8624bcb12,https://hl7.org/fhir/us/ph-library/2022Sep/StructureDefinition-us-ph-encounter.html,0b75b58e1b7af9108888a7d8624bcb65,https://hl7.org/fhir/us/core/StructureDefinition-us-core-encounter.html
Encounter Disposition,Public Health,Encounter Information,Case Reporting,bddf78228745b95098e5edb90cbb351f,d66045628745b95098e5edb90cbb350a,bd8085628745b95098e5edb90cbb35d2,9b7c53d81bd5b110f7052f84604bcb02,Place or setting to which the patient left a hospital or encounter.,published,,"USCDI+ Public Health: Data element included in the Electronic Reporting and Surveillance Distribution (eRSD) Reportable Condition Trigger Codes (RCTC)
",yes,USCDI V4,https://www.healthit.gov/isa/taxonomy/term/1196/uscdi-v4,"8284fa141b4b7510e99d5247624bcb5f,8e643a141b4b7510e99d5247624bcb96",,,,,,,0b75b58e1b7af9108888a7d8624bcb65,https://hl7.org/fhir/us/core/StructureDefinition-us-core-encounter.html
Admission Date/Time,Public Health,Encounter Information,Case Reporting,bddf78228745b95098e5edb90cbb351f,d66045628745b95098e5edb90cbb350a,bd8085628745b95098e5edb90cbb35d2,b33c4e0e1b727d1094626318624bcb75,"Date and time the patient was admitted to a treatment facility; e.g., hospital
",published,,,no,,,,,,,,5ccab9821bbaf9108888a7d8624bcb12,https://hl7.org/fhir/us/ph-library/2022Sep/StructureDefinition-us-ph-encounter.html,0b75b58e1b7af9108888a7d8624bcb65,https://hl7.org/fhir/us/core/StructureDefinition-us-core-encounter.html
Encounter Type,Public Health,Encounter Information,Case Reporting,bddf78228745b95098e5edb90cbb351f,d66045628745b95098e5edb90cbb350a,bd8085628745b95098e5edb90cbb35d2,df7c53d81bd5b110f7052f84604bcb0c,"Category of health care service. Examples include but are not limited to office visit, telephone assessment, and home visit.",published,,,yes,USCDI V4,https://www.healthit.gov/isa/taxonomy/term/1186/uscdi-v4,8284fa141b4b7510e99d5247624bcb5f,,,,,5ccab9821bbaf9108888a7d8624bcb12,https://hl7.org/fhir/us/ph-library/2022Sep/StructureDefinition-us-ph-encounter.html,0b75b58e1b7af9108888a7d8624bcb65,https://hl7.org/fhir/us/core/StructureDefinition-us-core-encounter.html
Encounter Diagnosis,Public Health,Encounter Information,Case Reporting,bddf78228745b95098e5edb90cbb351f,d66045628745b95098e5edb90cbb350a,bd8085628745b95098e5edb90cbb35d2,9f7c53d81bd5b110f7052f84604bcb00,Coded diagnoses associated with an episode of care.,published,,,yes,USCDI V4,https://www.healthit.gov/isa/taxonomy/term/1201/uscdi-v4,"8e643a141b4b7510e99d5247624bcb96,8284fa141b4b7510e99d5247624bcb5f",,,,,5ccab9821bbaf9108888a7d8624bcb12,https://hl7.org/fhir/us/ph-library/2022Sep/StructureDefinition-us-ph-encounter.html,0b75b58e1b7af9108888a7d8624bcb65,https://hl7.org/fhir/us/core/StructureDefinition-us-core-encounter.html
Reason for the Encounter,Public Health,Encounter Information,Case Reporting,bddf78228745b95098e5edb90cbb351f,d66045628745b95098e5edb90cbb350a,bd8085628745b95098e5edb90cbb35d2,8fc5534a1bb67d1094626318624bcb40,"Reason the encounter takes place, expressed as a code.",published,,,yes,Level 0,https://www.healthit.gov/isa/taxonomy/term/2896/level-0,,,,,,705a75421bbaf9108888a7d8624bcbfd,https://hl7.org/fhir/us/ph-library/2022Sep/StructureDefinition-us-ph-condition.html,"0b75b58e1b7af9108888a7d8624bcb65,b09965061b7af9108888a7d8624bcb82","https://hl7.org/fhir/us/core/StructureDefinition-us-core-encounter.html,https://hl7.org/fhir/us/core/StructureDefinition-us-core-condition-problems-health-concerns.html"
Encounter Identifier,Public Health,Encounter Information,Case Reporting,bddf78228745b95098e5edb90cbb351f,d66045628745b95098e5edb90cbb350a,bd8085628745b95098e5edb90cbb35d2,977c53d81bd5b110f7052f84604bcb04,Sequence of characters by which an encounter is known.,published,,,yes,USCDI V4,https://www.healthit.gov/isa/taxonomy/term/1371/uscdi-v4,,,,,,5ccab9821bbaf9108888a7d8624bcb12,https://hl7.org/fhir/us/ph-library/2022Sep/StructureDefinition-us-ph-encounter.html,0b75b58e1b7af9108888a7d8624bcb65,https://hl7.org/fhir/us/core/StructureDefinition-us-core-encounter.html
Disability Status,Public Health,Health Status Assessments,Case Reporting,bddf78228745b95098e5edb90cbb351f,d66045628745b95098e5edb90cbb350a,b58085628745b95098e5edb90cbb35e3,cf7c13d81bd5b110f7052f84604bcbe1,"Assessments of a patient’s physical, cognitive, intellectual, or psychiatric disabilities.
Examples include but are not limited to- vision, hearing, memory, and activities of daily living.",published,,,yes,USCDI V4,https://www.healthit.gov/isa/taxonomy/term/3276/uscdi-v4,08743a141b4b7510e99d5247624bcbc3,,,,,a26a35821bbaf9108888a7d8624bcb7d,https://hl7.org/fhir/us/ph-library/2022Sep/StructureDefinition-us-ph-disability-status.html,"df5875021bbaf9108888a7d8624bcb20,b09965061b7af9108888a7d8624bcb82,faa7354a1b7af9108888a7d8624bcb9e","https://hl7.org/fhir/us/core/StructureDefinition-us-core-simple-observation.html,https://hl7.org/fhir/us/core/StructureDefinition-us-core-condition-problems-health-concerns.html,https://hl7.org/fhir/us/core/StructureDefinition-us-core-observation-screening-assessment.html"
Pregnancy Status,Public Health,Health Status Assessments,Case Reporting,bddf78228745b95098e5edb90cbb351f,d66045628745b95098e5edb90cbb350a,b58085628745b95098e5edb90cbb35e3,858c93d81bd5b110f7052f84604bcbae,"State or condition of being pregnant or intent to become pregnant.
Examples include but are not limited to pregnant, not pregnant, and unknown.",published,,,yes,USCDI V4,https://www.healthit.gov/isa/taxonomy/term/1651/uscdi-v4,08743a141b4b7510e99d5247624bcbc3,,,,,378bb9821bbaf9108888a7d8624bcb1a,https://hl7.org/fhir/us/ph-library/2022Sep/StructureDefinition-us-ph-pregnancy-status-observation.html,a5973dce1b7af9108888a7d8624bcb81,https://hl7.org/fhir/us/core/StructureDefinition-us-core-observation-pregnancystatus.html
Facility Fax,Public Health,Facility Information,Case Reporting,bddf78228745b95098e5edb90cbb351f,d66045628745b95098e5edb90cbb350a,b18085628745b95098e5edb90cbb35e0,37df1b821bf67d1094626318624bcb14,The facility's fax number with area code.,published,,,no,,,,,,,,854b71821bbaf9108888a7d8624bcb65,https://hl7.org/fhir/us/ph-library/2022Sep/StructureDefinition-us-ph-location.html,cc27fdca1b7af9108888a7d8624bcb14,https://hl7.org/fhir/us/core/StructureDefinition-us-core-location.html
Facility Type,Public Health,Facility Information,Case Reporting,bddf78228745b95098e5edb90cbb351f,d66045628745b95098e5edb90cbb350a,b18085628745b95098e5edb90cbb35e0,af7c53d81bd5b110f7052f84604bcb42,"Category describing available services or resources. Examples include but are not limited to laboratory, pharmacy, hospital, ambulatory providers, long-term and post-acute care, and pharmacy.",published,,,yes,USCDI V4,https://www.healthit.gov/isa/taxonomy/term/1141/uscdi-v4,,,,,,854b71821bbaf9108888a7d8624bcb65,https://hl7.org/fhir/us/ph-library/2022Sep/StructureDefinition-us-ph-location.html,c2e73dce1b7af9108888a7d8624bcb86,https://hl7.org/fhir/us/core/StructureDefinition-us-core-organization.html
Facility Address,Public Health,Facility Information,Case Reporting,bddf78228745b95098e5edb90cbb351f,d66045628745b95098e5edb90cbb350a,b18085628745b95098e5edb90cbb35e0,ab7c53d81bd5b110f7052f84604bcb2f,A collection of information used to give the location of a physical place of available services or resources.,published,,,yes,Level 2,https://www.healthit.gov/isa/taxonomy/term/1126/level-2,,,,,,854b71821bbaf9108888a7d8624bcb65,https://hl7.org/fhir/us/ph-library/2022Sep/StructureDefinition-us-ph-location.html,"cc27fdca1b7af9108888a7d8624bcb14,c2e73dce1b7af9108888a7d8624bcb86","https://hl7.org/fhir/us/core/StructureDefinition-us-core-location.html,https://hl7.org/fhir/us/core/StructureDefinition-us-core-organization.html"
Facility Name,Public Health,Facility Information,Case Reporting,bddf78228745b95098e5edb90cbb351f,d66045628745b95098e5edb90cbb350a,b18085628745b95098e5edb90cbb35e0,a37c53d81bd5b110f7052f84604bcb41,Word or words by which a facility is known.,published,,,yes,USCDI V4,https://www.healthit.gov/isa/taxonomy/term/1121/uscdi-v4,,,,,,854b71821bbaf9108888a7d8624bcb65,https://hl7.org/fhir/us/ph-library/2022Sep/StructureDefinition-us-ph-location.html,"cc27fdca1b7af9108888a7d8624bcb14,c2e73dce1b7af9108888a7d8624bcb86","https://hl7.org/fhir/us/core/StructureDefinition-us-core-location.html,https://hl7.org/fhir/us/core/StructureDefinition-us-core-organization.html"
Facility Managing Organization Identifier,Public Health,Facility Information,Case Reporting,bddf78228745b95098e5edb90cbb351f,d66045628745b95098e5edb90cbb350a,b18085628745b95098e5edb90cbb35e0,6b7c53d81bd5b110f7052f84604bcb3f,Sequence of characters representing an organization responsible for the provisioning and upkeep of the patient care location.,published,,,yes,Level 2,https://www.healthit.gov/isa/taxonomy/term/1151/level-2,,,,,,854b71821bbaf9108888a7d8624bcb65,https://hl7.org/fhir/us/ph-library/2022Sep/StructureDefinition-us-ph-location.html,cc27fdca1b7af9108888a7d8624bcb14,https://hl7.org/fhir/us/core/StructureDefinition-us-core-location.html
Facility Phone,Public Health,Facility Information,Case Reporting,bddf78228745b95098e5edb90cbb351f,d66045628745b95098e5edb90cbb350a,b18085628745b95098e5edb90cbb35e0,66e06fc21bf67d1094626318624bcbc5,The facility's phone number with area code.,published,,,no,,,,,,,,854b71821bbaf9108888a7d8624bcb65,https://hl7.org/fhir/us/ph-library/2022Sep/StructureDefinition-us-ph-location.html,cc27fdca1b7af9108888a7d8624bcb14,https://hl7.org/fhir/us/core/StructureDefinition-us-core-location.html
Facility Identifier,Public Health,Facility Information,Case Reporting,bddf78228745b95098e5edb90cbb351f,d66045628745b95098e5edb90cbb350a,b18085628745b95098e5edb90cbb35e0,a77c53d81bd5b110f7052f84604bcb31,Sequence of characters representing a physical place of available services or resources.,published,,,yes,USCDI V4,https://www.healthit.gov/isa/taxonomy/term/1136/uscdi-v4,,,,,,854b71821bbaf9108888a7d8624bcb65,https://hl7.org/fhir/us/ph-library/2022Sep/StructureDefinition-us-ph-location.html,"cc27fdca1b7af9108888a7d8624bcb14,c2e73dce1b7af9108888a7d8624bcb86","https://hl7.org/fhir/us/core/StructureDefinition-us-core-location.html,https://hl7.org/fhir/us/core/StructureDefinition-us-core-organization.html"
Travel History Dates,Public Health,Travel Information,Case Reporting,bddf78228745b95098e5edb90cbb351f,d66045628745b95098e5edb90cbb350a,0e8085628745b95098e5edb90cbb35fb,468cd3d81bd5b110f7052f84604bcbc1,The dates spent in a location traveled to.,published,,,yes,Level 2,https://www.healthit.gov/isa/taxonomy/term/1686/level-2,,,,,,9cab3d821bbaf9108888a7d8624bcbdb,https://hl7.org/fhir/us/ph-library/2022Sep/StructureDefinition-us-ph-travel-history.html,df5875021bbaf9108888a7d8624bcb20,https://hl7.org/fhir/us/core/StructureDefinition-us-core-simple-observation.html
Travel History Location,Public Health,Travel Information,Case Reporting,bddf78228745b95098e5edb90cbb351f,d66045628745b95098e5edb90cbb350a,0e8085628745b95098e5edb90cbb35fb,8e8cd3d81bd5b110f7052f84604bcbc2,A location in a person’s travel history either as an address or as a coded location.,published,,,yes,Level 2,https://www.healthit.gov/isa/taxonomy/term/1681/level-2,,,,,,9cab3d821bbaf9108888a7d8624bcbdb,https://hl7.org/fhir/us/ph-library/2022Sep/StructureDefinition-us-ph-travel-history.html,df5875021bbaf9108888a7d8624bcb20,https://hl7.org/fhir/us/core/StructureDefinition-us-core-simple-observation.html
Exposure/Contact Direction,Public Health,Exposure/Contact Information,Case Reporting,bddf78228745b95098e5edb90cbb351f,d66045628745b95098e5edb90cbb350a,ca8085628745b95098e5edb90cbb35f7,ef7c53d81bd5b110f7052f84604bcb2a,"Whether the direction of exposure/contact is acquisition (patient is the target and another person, animal, location, etc. is the source) or transmission (patient is the source and another person, animal, location, etc. is the target).",published,,,yes,Level 2,https://www.healthit.gov/isa/taxonomy/term/3476/level-2,,,,,,d5eab9821bbaf9108888a7d8624bcb16,https://hl7.org/fhir/us/ecr/StructureDefinition-us-ph-exposure-contact-information.html,df5875021bbaf9108888a7d8624bcb20,https://hl7.org/fhir/us/core/StructureDefinition-us-core-simple-observation.html
Exposure/Contact Date,Public Health,Exposure/Contact Information,Case Reporting,bddf78228745b95098e5edb90cbb351f,d66045628745b95098e5edb90cbb350a,ca8085628745b95098e5edb90cbb35f7,a77c53d81bd5b110f7052f84604bcb29,The date or period on which the possible exposure/contact occurred.,published,,,yes,Level 2,https://www.healthit.gov/isa/taxonomy/term/3466/level-2,,,,,,d5eab9821bbaf9108888a7d8624bcb16,https://hl7.org/fhir/us/ecr/StructureDefinition-us-ph-exposure-contact-information.html,df5875021bbaf9108888a7d8624bcb20,https://hl7.org/fhir/us/core/StructureDefinition-us-core-simple-observation.html
Exposure/Contact Type,Public Health,Exposure/Contact Information,Case Reporting,bddf78228745b95098e5edb90cbb351f,d66045628745b95098e5edb90cbb350a,ca8085628745b95098e5edb90cbb35f7,637c53d81bd5b110f7052f84604bcb2e,"The type of exposure/contact (environmental, activity, event, location, person, animal, etc.) to an agent.",published,,,yes,Level 2,https://www.healthit.gov/isa/taxonomy/term/3486/level-2,,,,,,d5eab9821bbaf9108888a7d8624bcb16,https://hl7.org/fhir/us/ecr/StructureDefinition-us-ph-exposure-contact-information.html,df5875021bbaf9108888a7d8624bcb20,https://hl7.org/fhir/us/core/StructureDefinition-us-core-simple-observation.html
Exposure/Contact Agent,Public Health,Exposure/Contact Information,Case Reporting,bddf78228745b95098e5edb90cbb351f,d66045628745b95098e5edb90cbb350a,ca8085628745b95098e5edb90cbb35f7,5f7c53d81bd5b110f7052f84604bcb27,The possible agent of concern in the exposure/contact.,published,,,yes,Level 2,https://www.healthit.gov/isa/taxonomy/term/3461/level-2,,,,,,d5eab9821bbaf9108888a7d8624bcb16,https://hl7.org/fhir/us/ecr/StructureDefinition-us-ph-exposure-contact-information.html,df5875021bbaf9108888a7d8624bcb20,https://hl7.org/fhir/us/core/StructureDefinition-us-core-simple-observation.html
Exposure/Contact Source/Target Participant,Public Health,Exposure/Contact Information,Case Reporting,bddf78228745b95098e5edb90cbb351f,d66045628745b95098e5edb90cbb350a,ca8085628745b95098e5edb90cbb35f7,2b7c53d81bd5b110f7052f84604bcb2c,"The source or target of the exposure or contact. Could be person, animal, or location. Either the patient's contact with an entity (person, animal, or substance) or presence at a location where exposure to an agent could have occurred or the patient's contact with an entity (person, animal, or substance) or presence at a location where transmission from the patient could have occurred.",published,,,yes,Level 2,https://www.healthit.gov/isa/taxonomy/term/3481/level-2,,,,,,d5eab9821bbaf9108888a7d8624bcb16,https://hl7.org/fhir/us/ecr/StructureDefinition-us-ph-exposure-contact-information.html,df5875021bbaf9108888a7d8624bcb20,https://hl7.org/fhir/us/core/StructureDefinition-us-core-simple-observation.html
Procedures,Public Health,Procedures,Case Reporting,bddf78228745b95098e5edb90cbb351f,d66045628745b95098e5edb90cbb350a,8e8085628745b95098e5edb90cbb35e9,918c93d81bd5b110f7052f84604bcbc7,Activity performed for or on a patient as part of the provision of care.,published,,USCDI+ Public Health: Data element included in the Electronic Reporting and Surveillance Distribution (eRSD) Reportable Condition Trigger Codes (RCTC),yes,USCDI V4,https://www.healthit.gov/isa/taxonomy/term/781/uscdi-v4,"8284fa141b4b7510e99d5247624bcb5f,8e643a141b4b7510e99d5247624bcb96",,,,,,,64186dc21b7af9108888a7d8624bcbdf,https://hl7.org/fhir/us/core/StructureDefinition-us-core-procedure.html
Planned Procedure,Public Health,Procedures,Case Reporting,bddf78228745b95098e5edb90cbb351f,d66045628745b95098e5edb90cbb350a,8e8085628745b95098e5edb90cbb35e9,fe333e5a1bb2bd1094626318624bcbab,"Interventional, surgical, diagnostic, or therapeutic procedures or treatments planned as a result of the encounter.",published,,,no,,,,,,,,,,64186dc21b7af9108888a7d8624bcbdf,https://hl7.org/fhir/us/core/StructureDefinition-us-core-procedure.html
Procedure Reason,Public Health,Procedures,Case Reporting,bddf78228745b95098e5edb90cbb351f,d66045628745b95098e5edb90cbb350a,8e8085628745b95098e5edb90cbb35e9,2319d70e1bb67d1094626318624bcb9b,The reason a procedure was performed.,published,,Data element included in the Electronic Reporting and Surveillance Distribution (eRSD) Reportable Condition Trigger Codes (RCTC),no,,,,,,,,,,64186dc21b7af9108888a7d8624bcbdf,https://hl7.org/fhir/us/core/StructureDefinition-us-core-procedure.html
Body Site - Procedure Location,Public Health,Procedures,Case Reporting,bddf78228745b95098e5edb90cbb351f,d66045628745b95098e5edb90cbb350a,8e8085628745b95098e5edb90cbb35e9,2a7c13d81bd5b110f7052f84604bcb39,"The anatomical location qualifier where the procedure is performed. These include qualifiers for relative location, directionality, number, and plane, and exclude qualifiers for laterality.",published,,"Data element included in the Electronic Reporting and Surveillance Distribution (eRSD) Reportable Condition Trigger Codes (RCTC)
",no,,,,,,,,,,64186dc21b7af9108888a7d8624bcbdf,https://hl7.org/fhir/us/core/StructureDefinition-us-core-procedure.html
Procedure Outcome,Public Health,Procedures,Case Reporting,bddf78228745b95098e5edb90cbb351f,d66045628745b95098e5edb90cbb350a,8e8085628745b95098e5edb90cbb35e9,5379570e1bb67d1094626318624bcb6b,The outcome of a procedure.,published,,Data element included in the Electronic Reporting and Surveillance Distribution (eRSD) Reportable Condition Trigger Codes (RCTC),no,,,,,,,,,,64186dc21b7af9108888a7d8624bcbdf,https://hl7.org/fhir/us/core/StructureDefinition-us-core-procedure.html
Patient Assertion of Vaccine Credentials,Public Health,Immunizations,Case Reporting,bddf78228745b95098e5edb90cbb351f,d66045628745b95098e5edb90cbb350a,318085628745b95098e5edb90cbb35e5,f48c93d81bd5b110f7052f84604bcb47,Whether or not the patient asserts they have verifiable vaccine credentials.,published,,,yes,Level 0,https://www.healthit.gov/isa/taxonomy/term/4376/level-0,,,,,,,,345821061b7af9108888a7d8624bcb7d,https://hl7.org/fhir/us/core/StructureDefinition-us-core-immunization.html#root
Vaccination Administration Date,Public Health,Immunizations,Case Reporting,bddf78228745b95098e5edb90cbb351f,d66045628745b95098e5edb90cbb350a,318085628745b95098e5edb90cbb35e5,5e8c17d81bd5b110f7052f84604bcb1b,The date the vaccination event occurred.,published,,,yes,Level 2,https://www.healthit.gov/isa/taxonomy/term/1701/level-2,,,,,,,,345821061b7af9108888a7d8624bcb7d,https://hl7.org/fhir/us/core/StructureDefinition-us-core-immunization.html#root
Immunization Status,Public Health,Immunizations,Case Reporting,bddf78228745b95098e5edb90cbb351f,d66045628745b95098e5edb90cbb350a,318085628745b95098e5edb90cbb35e5,808c53d81bd5b110f7052f84604bcb90,"Indicates the current status (i.e., completed, entered in error, not done) of the immunization event.",published,,,yes,Level 2,https://www.healthit.gov/isa/taxonomy/term/1716/level-2,,,,,,,,345821061b7af9108888a7d8624bcb7d,https://hl7.org/fhir/us/core/StructureDefinition-us-core-immunization.html#root
Immunization Code,Public Health,Immunizations,Case Reporting,bddf78228745b95098e5edb90cbb351f,d66045628745b95098e5edb90cbb350a,318085628745b95098e5edb90cbb35e5,848c53d81bd5b110f7052f84604bcb8e,The code for the vaccine that was administered or was to be administered.,published,,,yes,Level 2,https://www.healthit.gov/isa/taxonomy/term/2866/level-2,,,,,,,,345821061b7af9108888a7d8624bcb7d,https://hl7.org/fhir/us/core/StructureDefinition-us-core-immunization.html#root
Suspected Diagnosis,Public Health,Problems,Case Reporting,bddf78228745b95098e5edb90cbb351f,d66045628745b95098e5edb90cbb350a,718085628745b95098e5edb90cbb35e9,0eeaa2ce1bf27d1094626318624bcb18,"Suspected diagnoses or problems that represent that the patient may have a potentially reportable condition. For example, these may be diagnoses recorded in an EHR problem list and diagnosis codes used for billing for the encounter.",published,,Data element included in the Electronic Reporting and Surveillance Distribution (eRSD) Reportable Condition Trigger Codes (RCTC),no,,,,,,,,,,,
Date of Onset,Public Health,Problems,Case Reporting,bddf78228745b95098e5edb90cbb351f,d66045628745b95098e5edb90cbb350a,718085628745b95098e5edb90cbb35e9,837c13d81bd5b110f7052f84604bcbc3,Date when a problem/ condition started.,published,,,yes,Level 2,https://www.healthit.gov/isa/taxonomy/term/1246/level-2,,,,,,705a75421bbaf9108888a7d8624bcbfd,https://hl7.org/fhir/us/ph-library/2022Sep/StructureDefinition-us-ph-condition.html,b09965061b7af9108888a7d8624bcb82,https://hl7.org/fhir/us/core/StructureDefinition-us-core-condition-problems-health-concerns.html
Symptoms (list),Public Health,Problems,Case Reporting,bddf78228745b95098e5edb90cbb351f,d66045628745b95098e5edb90cbb350a,718085628745b95098e5edb90cbb35e9,f20a668e1bf27d1094626318624bcb80,List of patient symptoms (structured) for the reportable event.,published,,,no,,,,,,,,,,b09965061b7af9108888a7d8624bcb82,https://hl7.org/fhir/us/core/StructureDefinition-us-core-condition-problems-health-concerns.html
Date of Diagnosis,Public Health,Problems,Case Reporting,bddf78228745b95098e5edb90cbb351f,d66045628745b95098e5edb90cbb350a,718085628745b95098e5edb90cbb35e9,437c13d81bd5b110f7052f84604bcb8e,Date of first determination by a qualified professional of the presence of a problem or condition affecting a patient.,published,,,yes,USCDI V4,https://www.healthit.gov/isa/taxonomy/term/1241/uscdi-v4,,,,,,705a75421bbaf9108888a7d8624bcbfd,https://hl7.org/fhir/us/ph-library/2022Sep/StructureDefinition-us-ph-condition.html,b09965061b7af9108888a7d8624bcb82,https://hl7.org/fhir/us/core/StructureDefinition-us-core-condition-problems-health-concerns.html
Date of the Report,Public Health,Reporting Data,Case Reporting,bddf78228745b95098e5edb90cbb351f,d66045628745b95098e5edb90cbb350a,8a80c5628745b95098e5edb90cbb3500,04a7ba8a1b367d1094626318624bcbf3,"The date on which the reporting party (e.g., physician, nurse practitioner, physician assistant, etc.), completes collection of minimum data for the eICR.
",published,,,no,,,,,,,,,,,
Report Submission Date/Time,Public Health,Reporting Data,Case Reporting,bddf78228745b95098e5edb90cbb351f,d66045628745b95098e5edb90cbb350a,8a80c5628745b95098e5edb90cbb3500,ceb45fc61bb67d1094626318624bcb17,"The date and time at which the EHR system sends the eICR data to the jurisdictional PHA or designee
",published,,,no,,,,,,,,,,,
History of Present Illness,Public Health,Intake Assessment,Case Reporting,bddf78228745b95098e5edb90cbb351f,d66045628745b95098e5edb90cbb350a,8e8085628745b95098e5edb90cbb35f6,3b7c53d81bd5b110f7052f84604bcb78,A chronological description of the progression of the patient’s present illness from the first sign and symptom to the present.,published,,,no,,,,,,,,705a75421bbaf9108888a7d8624bcbfd,https://hl7.org/fhir/us/ph-library/2022Sep/StructureDefinition-us-ph-condition.html,"df5875021bbaf9108888a7d8624bcb20,b09965061b7af9108888a7d8624bcb82","https://hl7.org/fhir/us/core/StructureDefinition-us-core-simple-observation.html,https://hl7.org/fhir/us/core/StructureDefinition-us-core-condition-problems-health-concerns.html"
Past Medical History,Public Health,Intake Assessment,Case Reporting,bddf78228745b95098e5edb90cbb351f,d66045628745b95098e5edb90cbb350a,8e8085628745b95098e5edb90cbb35f6,f08c93d81bd5b110f7052f84604bcb41,"A medical history includes an inquiry into the patient's medical history, past surgical history, family medical history, social history, allergies, and medications the patient is taking or may have recently stopped taking.",published,,,no,,,,,,,,705a75421bbaf9108888a7d8624bcbfd,https://hl7.org/fhir/us/ph-library/2022Sep/StructureDefinition-us-ph-condition.html,"df5875021bbaf9108888a7d8624bcb20,b09965061b7af9108888a7d8624bcb82,43ce75f51bf23d1094626318624bcb40","https://hl7.org/fhir/us/core/StructureDefinition-us-core-simple-observation.html,https://hl7.org/fhir/us/core/StructureDefinition-us-core-condition-problems-health-concerns.html,https://hl7.org/fhir/us/core/StructureDefinition-us-core-documentreference.html"
Review of Systems,Public Health,Intake Assessment,Case Reporting,bddf78228745b95098e5edb90cbb351f,d66045628745b95098e5edb90cbb350a,8e8085628745b95098e5edb90cbb35f6,698cd3d81bd5b110f7052f84604bcb1f,Review of Systems (ROS) is an inventory of body systems obtained by asking a series of questions to identify signs and/or symptoms the patient may be experiencing or has experienced.,published,,,no,,,,,,,,,,df5875021bbaf9108888a7d8624bcb20,https://hl7.org/fhir/us/core/StructureDefinition-us-core-simple-observation.html
Chief Complaint,Public Health,Intake Assessment,Case Reporting,bddf78228745b95098e5edb90cbb351f,d66045628745b95098e5edb90cbb350a,8e8085628745b95098e5edb90cbb35f6,267c13d81bd5b110f7052f84604bcb51,"A concise statement describing the reason for the encounter, usually stated in the patient’s own words.",published,,,no,,,,,,,,705a75421bbaf9108888a7d8624bcbfd,https://hl7.org/fhir/us/ph-library/2022Sep/StructureDefinition-us-ph-condition.html,b09965061b7af9108888a7d8624bcb82,https://hl7.org/fhir/us/core/StructureDefinition-us-core-condition-problems-health-concerns.html
Result Status,Public Health,Laboratory,Laboratory Data Exchange,bddf78228745b95098e5edb90cbb351f,1a6045628745b95098e5edb90cbb350c,7d8085628745b95098e5edb90cbb35e5,258cd3d81bd5b110f7052f84604bcb1c,State or condition of a laboratory test.,published,,,yes,USCDI V4,https://www.healthit.gov/isa/taxonomy/term/2441/uscdi-v4,,,,,,7a0b35821bbaf9108888a7d8624bcb44,https://hl7.org/fhir/us/ph-library/2022Sep/StructureDefinition-us-ph-lab-result-observation.html,5598a5c21b7af9108888a7d8624bcb8f,https://hl7.org/fhir/us/core/StructureDefinition-us-core-observation-lab.html
Specimen Identifier,Public Health,Laboratory,Laboratory Data Exchange,bddf78228745b95098e5edb90cbb351f,1a6045628745b95098e5edb90cbb350c,7d8085628745b95098e5edb90cbb35e5,f18cd3d81bd5b110f7052f84604bcb44,"Sequence of characters assigned by a laboratory for an individual specimen.
Example includes but is not limited to accession number.",published,,,yes,USCDI V4,https://www.healthit.gov/isa/taxonomy/term/3721/uscdi-v4,"8284fa141b4b7510e99d5247624bcb5f,08743a141b4b7510e99d5247624bcbc3",,,,,,,09f76dc21b7af9108888a7d8624bcb31,https://hl7.org/fhir/us/core/StructureDefinition-us-core-specimen.html
Specimen Type,Public Health,Laboratory,Laboratory Data Exchange,bddf78228745b95098e5edb90cbb351f,1a6045628745b95098e5edb90cbb350c,7d8085628745b95098e5edb90cbb35e5,358cd3d81bd5b110f7052f84604bcb49,"Substance being sampled or tested.
Examples include but are not limited to nasopharyngeal swab, whole blood, serum, urine, and wound swab.",published,,,yes,USCDI V4,https://www.healthit.gov/isa/taxonomy/term/2491/uscdi-v4,8284fa141b4b7510e99d5247624bcb5f,,,,,,,09f76dc21b7af9108888a7d8624bcb31,https://hl7.org/fhir/us/core/StructureDefinition-us-core-specimen.html
Test Kit Unique Identifier,Public Health,Laboratory,Laboratory Data Exchange,bddf78228745b95098e5edb90cbb351f,1a6045628745b95098e5edb90cbb350c,7d8085628745b95098e5edb90cbb35e5,cab798de1b7a7d1094626318624bcb90,"Uniquely identifies the type of test (at minimum by using test name and manufacturer (similar to the make and model of a car)) that was used to obtain the Test Result Value. It is a device identifier and should be referenced using Device Identifiers (DI), when available. The DI is contained within the unique device identifier (UDI), created by manufacturer (Manufacturer requests UDI issuance, then provides DI, or can be pulled from GUDID database (https://accessgudid.nlm.nih.gov/).
",published,,,yes,level_2,https://www.healthit.gov/isa/taxonomy/term/3731/level-2,,,,,,,,5598a5c21b7af9108888a7d8624bcb8f,https://hl7.org/fhir/us/core/StructureDefinition-us-core-observation-lab.html
Laboratory Test/Panel Code,Public Health,Laboratory,Laboratory Data Exchange,bddf78228745b95098e5edb90cbb351f,1a6045628745b95098e5edb90cbb350c,7d8085628745b95098e5edb90cbb35e5,808c53d81bd5b110f7052f84604bcbb5,"An identifier for the analysis of specimens derived from humans which provide information for the diagnosis, prevention, treatment of disease, or assessment of health.
",published,,Data element included in the Electronic Reporting and Surveillance Distribution (eRSD) Reportable Condition Trigger Codes (RCTC),yes,Level 2,https://www.healthit.gov/isa/taxonomy/term/2431/level-2,,,,,,7a0b35821bbaf9108888a7d8624bcb44,https://hl7.org/fhir/us/ph-library/2022Sep/StructureDefinition-us-ph-lab-result-observation.html,"1ffe75f51bf23d1094626318624bcb42,5598a5c21b7af9108888a7d8624bcb8f","https://hl7.org/fhir/us/core/StructureDefinition-us-core-diagnosticreport-lab.html,https://hl7.org/fhir/us/core/StructureDefinition-us-core-observation-lab.html"
Specimen Condition Acceptability,Public Health,Laboratory,Laboratory Data Exchange,bddf78228745b95098e5edb90cbb351f,1a6045628745b95098e5edb90cbb350c,7d8085628745b95098e5edb90cbb35e5,b98cd3d81bd5b110f7052f84604bcb42,"Information regarding a specimen, including the container, that does not meet a laboratory’s criteria for acceptability. Examples include but are not limited to hemolyzed, clotted, container leaking, and missing patient name. Usage note: This may include information about the contents of the container, the container, and the label.",published,,,yes,USCDI V4,https://www.healthit.gov/isa/taxonomy/term/7691/uscdi-v4,"8284fa141b4b7510e99d5247624bcb5f,b064f6141b4b7510e99d5247624bcbaf",,,,,,,09f76dc21b7af9108888a7d8624bcb31,https://hl7.org/fhir/us/core/StructureDefinition-us-core-specimen.html
Result Interpretation,Public Health,Laboratory,Laboratory Data Exchange,bddf78228745b95098e5edb90cbb351f,1a6045628745b95098e5edb90cbb350c,7d8085628745b95098e5edb90cbb35e5,ed8cd3d81bd5b110f7052f84604bcb18,"Categorical assessment of a laboratory value, often in relation to a test's reference range.
Examples include but are not limited to high, low, critical high, and normal.",published,,,yes,USCDI V4,https://www.healthit.gov/isa/taxonomy/term/3711/uscdi-v4,"8284fa141b4b7510e99d5247624bcb5f,b064f6141b4b7510e99d5247624bcbaf,cb84fa141b4b7510e99d5247624bcb9d",,,,,7a0b35821bbaf9108888a7d8624bcb44,https://hl7.org/fhir/us/ph-library/2022Sep/StructureDefinition-us-ph-lab-result-observation.html,"5598a5c21b7af9108888a7d8624bcb8f,1ffe75f51bf23d1094626318624bcb42","https://hl7.org/fhir/us/core/StructureDefinition-us-core-observation-lab.html,https://hl7.org/fhir/us/core/StructureDefinition-us-core-diagnosticreport-lab.html"
Specimen Collection Date/Time,Public Health,Laboratory,Laboratory Data Exchange,bddf78228745b95098e5edb90cbb351f,1a6045628745b95098e5edb90cbb350c,7d8085628745b95098e5edb90cbb35e5,798cd3d81bd5b110f7052f84604bcb3d,Date/time when clinical specimen was collected from subject patient.,published,,,yes,Level 2,https://www.healthit.gov/isa/taxonomy/term/3256/level-2,,,,,,,,"09f76dc21b7af9108888a7d8624bcb31,5598a5c21b7af9108888a7d8624bcb8f","https://hl7.org/fhir/us/core/StructureDefinition-us-core-specimen.html,https://hl7.org/fhir/us/core/StructureDefinition-us-core-observation-lab.html"
Values/Results,Public Health,Laboratory,Laboratory Data Exchange,bddf78228745b95098e5edb90cbb351f,1a6045628745b95098e5edb90cbb350c,7d8085628745b95098e5edb90cbb35e5,168c17d81bd5b110f7052f84604bcb68,Documented findings of a tested specimen including structured and unstructured components.,published,,,yes,USCDI V4,https://www.healthit.gov/isa/taxonomy/term/681/uscdi-v4,8284fa141b4b7510e99d5247624bcb5f,,,,,7a0b35821bbaf9108888a7d8624bcb44,https://hl7.org/fhir/us/ph-library/2022Sep/StructureDefinition-us-ph-lab-result-observation.html,"1ffe75f51bf23d1094626318624bcb42,5598a5c21b7af9108888a7d8624bcb8f","https://hl7.org/fhir/us/core/StructureDefinition-us-core-diagnosticreport-lab.html,https://hl7.org/fhir/us/core/StructureDefinition-us-core-observation-lab.html"
Laboratory Test Performed Date,Public Health,Laboratory,Laboratory Data Exchange,bddf78228745b95098e5edb90cbb351f,1a6045628745b95098e5edb90cbb350c,7d8085628745b95098e5edb90cbb35e5,488c53d81bd5b110f7052f84604bcbb3,"The clinically relevant date/time of the observation. In the case of observations taken directly from a subject, it is the actual date and time the observation was obtained. In the case of a specimen-associated study, this field shall represent the date and time the specimen was collected or obtained.",published,,,yes,Level 2,https://www.healthit.gov/isa/taxonomy/term/2436/level-2,,,,,,7a0b35821bbaf9108888a7d8624bcb44,https://hl7.org/fhir/us/ph-library/2022Sep/StructureDefinition-us-ph-lab-result-observation.html,"5598a5c21b7af9108888a7d8624bcb8f,1ffe75f51bf23d1094626318624bcb42","https://hl7.org/fhir/us/core/StructureDefinition-us-core-observation-lab.html,https://hl7.org/fhir/us/core/StructureDefinition-us-core-diagnosticreport-lab.html"
Laboratory Results: Date and Timestamps,Public Health,Laboratory,Laboratory Data Exchange,bddf78228745b95098e5edb90cbb351f,1a6045628745b95098e5edb90cbb350c,7d8085628745b95098e5edb90cbb35e5,008c53d81bd5b110f7052f84604bcbb2,"Date and timestamps associated with the completion of laboratory results, that are meta data associated with laboratory results.",published,,,yes,Level 2,https://www.healthit.gov/isa/taxonomy/term/2426/level-2,08743a141b4b7510e99d5247624bcbc3,,,,,7a0b35821bbaf9108888a7d8624bcb44,https://hl7.org/fhir/us/ph-library/2022Sep/StructureDefinition-us-ph-lab-result-observation.html,"5598a5c21b7af9108888a7d8624bcb8f,1ffe75f51bf23d1094626318624bcb42","https://hl7.org/fhir/us/core/StructureDefinition-us-core-observation-lab.html,https://hl7.org/fhir/us/core/StructureDefinition-us-core-diagnosticreport-lab.html"
Result Unit of Measure,Public Health,Laboratory,Laboratory Data Exchange,bddf78228745b95098e5edb90cbb351f,1a6045628745b95098e5edb90cbb350c,7d8085628745b95098e5edb90cbb35e5,128c17d81bd5b110f7052f84604bcb14,Unit of measurement to report laboratory test results.,published,,,yes,USCDI V4,https://www.healthit.gov/isa/taxonomy/term/7706/uscdi-v4,cb84fa141b4b7510e99d5247624bcb9d,,,,,,,5598a5c21b7af9108888a7d8624bcb8f,https://hl7.org/fhir/us/core/StructureDefinition-us-core-observation-lab.html
Result Reference Range,Public Health,Laboratory,Laboratory Data Exchange,bddf78228745b95098e5edb90cbb351f,1a6045628745b95098e5edb90cbb350c,7d8085628745b95098e5edb90cbb35e5,298cd3d81bd5b110f7052f84604bcb1a,"Upper and lower limit of quantitative test values expected for a designated population of individuals.
Usage note: Reference range values may differ by patient characteristics, laboratory test manufacturer, and laboratory test performer.",published,,,yes,USCDI V4,https://www.healthit.gov/isa/taxonomy/term/7696/uscdi-v4,cb84fa141b4b7510e99d5247624bcb9d,,,,,,,5598a5c21b7af9108888a7d8624bcb8f,https://hl7.org/fhir/us/core/StructureDefinition-us-core-observation-lab.html
Specimen Source Site,Public Health,Laboratory,Laboratory Data Exchange,bddf78228745b95098e5edb90cbb351f,1a6045628745b95098e5edb90cbb350c,7d8085628745b95098e5edb90cbb35e5,398cd3d81bd5b110f7052f84604bcb47,"Body location from where a specimen was obtained. Examples include but are not limited to right internal jugular, left arm, and right eye.",published,,,yes,USCDI V4,https://www.healthit.gov/isa/taxonomy/term/2481/uscdi-v4,8284fa141b4b7510e99d5247624bcb5f,,,,,,,09f76dc21b7af9108888a7d8624bcb31,https://hl7.org/fhir/us/core/StructureDefinition-us-core-specimen.html
Accession Number,Public Health,Laboratory,Laboratory Data Exchange,bddf78228745b95098e5edb90cbb351f,1a6045628745b95098e5edb90cbb350c,7d8085628745b95098e5edb90cbb35e5,57eb1c561bba7d1094626318624bcb8e,The unique identifier for a single instance of a specimen received by a laboratory and its analysis.,published,,,yes,Level 0,https://www.healthit.gov/isa/uscdi-data/accession-number-0,,,,,,,,5598a5c21b7af9108888a7d8624bcb8f,https://hl7.org/fhir/us/core/StructureDefinition-us-core-observation-lab.html
Medication Administration Dose,Public Health,Medications,Case Reporting,bddf78228745b95098e5edb90cbb351f,d66045628745b95098e5edb90cbb350a,b98085628745b95098e5edb90cbb35e6,188c53d81bd5b110f7052f84604bcbd5,The amount of the medication given at one administration event.,published,,,yes,Level 0,https://www.healthit.gov/isa/taxonomy/term/1561/level-0,,,,,,,,,
Medication Administered Code,Public Health,Medications,Case Reporting,bddf78228745b95098e5edb90cbb351f,d66045628745b95098e5edb90cbb350a,b98085628745b95098e5edb90cbb35e6,508c53d81bd5b110f7052f84604bcbcf,A code (or set of codes) that specify the medication that was administered.,published,,,yes,Level 0,https://www.healthit.gov/isa/taxonomy/term/1556/level-0,,,,,,"46f9f1021bbaf9108888a7d8624bcb40,fc5b35821bbaf9108888a7d8624bcb81","https://hl7.org/fhir/us/qicore/STU5/StructureDefinition-qicore-medicationadministration.html,https://hl7.org/fhir/us/ph-library/2022Sep/StructureDefinition-us-ph-medicationadministration.html",,
Medication Prescribed Dose Units,Public Health,Medications,Case Reporting,bddf78228745b95098e5edb90cbb351f,d66045628745b95098e5edb90cbb350a,b98085628745b95098e5edb90cbb35e6,4063df5a1b36bd1094626318624bcbee,"The units of measure associated with the amount of medication prescribed. (e.g., milligrams, milliliters).",published,,,no,,,,,,,,,,89fb35f51bf23d1094626318624bcbd3,https://hl7.org/fhir/us/core/StructureDefinition-us-core-medicationrequest.html
Date Medication Prescribed,Public Health,Medications,Case Reporting,bddf78228745b95098e5edb90cbb351f,d66045628745b95098e5edb90cbb350a,b98085628745b95098e5edb90cbb35e6,f67c13d81bd5b110f7052f84604bcb87,The date when the prescription was initially written or authored.,published,,,yes,Level 0,https://www.healthit.gov/isa/taxonomy/term/1501/level-0,5084fa141b4b7510e99d5247624bcb5b,,,,,,,89fb35f51bf23d1094626318624bcbd3,https://hl7.org/fhir/us/core/StructureDefinition-us-core-medicationrequest.html
Therapeutic Medication Response,Public Health,Medications,Case Reporting,bddf78228745b95098e5edb90cbb351f,d66045628745b95098e5edb90cbb350a,b98085628745b95098e5edb90cbb35e6,4e8cd3d81bd5b110f7052f84604bcb6e,Represents a therapeutic response (as opposed to an undesired reaction) to the administration of a medication.,published,,,yes,Level 0,https://www.healthit.gov/isa/taxonomy/term/3436/level-0,,,,,,fc5b35821bbaf9108888a7d8624bcb81,https://hl7.org/fhir/us/ph-library/2022Sep/StructureDefinition-us-ph-medicationadministration.html,,
Discharge Medications,Public Health,Medications,Case Reporting,bddf78228745b95098e5edb90cbb351f,d66045628745b95098e5edb90cbb350a,b98085628745b95098e5edb90cbb35e6,cb7c13d81bd5b110f7052f84604bcbe3,Indication that a medication should be taken by or given to the patient after being discharged from an encounter.,published,,,yes,Level 0,https://www.healthit.gov/isa/taxonomy/term/1431/level-0,5084fa141b4b7510e99d5247624bcb5b,,,,,5aef1365873c465098e5edb90cbb3597,https://hl7.org/cda/us/ccda/2024Jan/StructureDefinition-DischargeMedicationsSection.html,89fb35f51bf23d1094626318624bcbd3,https://hl7.org/fhir/us/core/StructureDefinition-us-core-medicationrequest.html
Medication Administered Reason Reference,Public Health,Medications,Case Reporting,bddf78228745b95098e5edb90cbb351f,d66045628745b95098e5edb90cbb350a,b98085628745b95098e5edb90cbb35e6,d08c53d81bd5b110f7052f84604bcbd2,Reference to a condition that is the reason for the medication administration.,published,,,yes,Level 0,https://www.healthit.gov/isa/taxonomy/term/1571/level-0,,,,,,"46f9f1021bbaf9108888a7d8624bcb40,fc5b35821bbaf9108888a7d8624bcb81","https://hl7.org/fhir/us/qicore/STU5/StructureDefinition-qicore-medicationadministration.html,https://hl7.org/fhir/us/ph-library/2022Sep/StructureDefinition-us-ph-medicationadministration.html",,
Medication Prescribed Dose,Public Health,Medications,Case Reporting,bddf78228745b95098e5edb90cbb351f,d66045628745b95098e5edb90cbb350a,b98085628745b95098e5edb90cbb35e6,988c53d81bd5b110f7052f84604bcbee,Indicates the amount of medication per dose that is to be used by the patient.,published,,,yes,Level 0,https://www.healthit.gov/isa/taxonomy/term/1511/level-0,,,,,,,,,
Medications Dispensed,Public Health,Medications,Case Reporting,bddf78228745b95098e5edb90cbb351f,d66045628745b95098e5edb90cbb350a,b98085628745b95098e5edb90cbb35e6,d88c53d81bd5b110f7052f84604bcbf3,Description/ list of medications supplied to a patient with the intention that it is subsequently consumed by the patient.,published,,,no,,,,,,,,,,da373dce1b7af9108888a7d8624bcb41,https://hl7.org/fhir/us/core/StructureDefinition-us-core-medicationdispense.html
Medication Administration Dose Units,Public Health,Medications,Case Reporting,bddf78228745b95098e5edb90cbb351f,d66045628745b95098e5edb90cbb350a,b98085628745b95098e5edb90cbb35e6,508c53d81bd5b110f7052f84604bcbd7,The units of measure associated with the amount of medication given at one administration event.,published,,,yes,Level 0,https://www.healthit.gov/isa/taxonomy/term/1566/level-0,,,,,,,,,
Medication Administered Performer,Public Health,Medications,Case Reporting,bddf78228745b95098e5edb90cbb351f,d66045628745b95098e5edb90cbb350a,b98085628745b95098e5edb90cbb35e6,988c53d81bd5b110f7052f84604bcbd0,Indicates who or what performed the medication administration and how they were involved.,published,,,yes,Level 0,https://www.healthit.gov/isa/taxonomy/term/2761/level-0,,,,,,"46f9f1021bbaf9108888a7d8624bcb40,fc5b35821bbaf9108888a7d8624bcb81","https://hl7.org/fhir/us/qicore/STU5/StructureDefinition-qicore-medicationadministration.html,https://hl7.org/fhir/us/ph-library/2022Sep/StructureDefinition-us-ph-medicationadministration.html",,
Medication Prescribed Code,Public Health,Medications,Case Reporting,bddf78228745b95098e5edb90cbb351f,d66045628745b95098e5edb90cbb350a,b98085628745b95098e5edb90cbb35e6,508c53d81bd5b110f7052f84604bcbed,"A code (or set of codes) that specify this medication, or a textual description if no code is available.",published,,,yes,Level 0,https://www.healthit.gov/isa/taxonomy/term/1506/level-0,,,,,,,,,
Date Medication Administered,Public Health,Medications,Case Reporting,bddf78228745b95098e5edb90cbb351f,d66045628745b95098e5edb90cbb350a,b98085628745b95098e5edb90cbb35e6,fa7c13d81bd5b110f7052f84604bcb85,"A specific date/time or interval of time during which the administration took place (or did not take place, when the 'notGiven' attribute is true).",published,,,yes,Level 0,https://www.healthit.gov/isa/taxonomy/term/1551/level-0,,,,,,"46f9f1021bbaf9108888a7d8624bcb40,fc5b35821bbaf9108888a7d8624bcb81,435fdf25873c465098e5edb90cbb3538","https://hl7.org/fhir/us/qicore/STU5/StructureDefinition-qicore-medicationadministration.html,https://hl7.org/fhir/us/ph-library/2022Sep/StructureDefinition-us-ph-medicationadministration.html,https://www.hl7.org/fhir/medicationadministration.html",,
Observation Value,Public Health,Observations,Case Reporting,bddf78228745b95098e5edb90cbb351f,d66045628745b95098e5edb90cbb350a,868085628745b95098e5edb90cbb35f0,608c93d81bd5b110f7052f84604bcb21,The information determined as a result of making the observation.,published,,,yes,Level 2,https://www.healthit.gov/isa/taxonomy/term/1401/level-2,,,,,,,,df5875021bbaf9108888a7d8624bcb20,https://hl7.org/fhir/us/core/StructureDefinition-us-core-simple-observation.html
Provider Email,Public Health,Care Team Member(s),Case Reporting,bddf78228745b95098e5edb90cbb351f,d66045628745b95098e5edb90cbb350a,b98085628745b95098e5edb90cbb35cf,aa38d3ca1bb67d1094626318624bcb24,The provider's email address.,published,,,no,,,,,,,,,,"0b75b58e1b7af9108888a7d8624bcb65,0d187dce1b7af9108888a7d8624bcb19","https://hl7.org/fhir/us/core/StructureDefinition-us-core-encounter.html,https://hl7.org/fhir/us/core/StructureDefinition-us-core-practitioner.html"
Provider Name,Public Health,Care Team Member(s),Case Reporting,bddf78228745b95098e5edb90cbb351f,d66045628745b95098e5edb90cbb350a,b98085628745b95098e5edb90cbb35cf,6ba75f4a1bb67d1094626318624bcbeb,The first and last name of the provider.,published,,,no,,,,,,,,,,"0b75b58e1b7af9108888a7d8624bcb65,0d187dce1b7af9108888a7d8624bcb19","https://hl7.org/fhir/us/core/StructureDefinition-us-core-encounter.html,https://hl7.org/fhir/us/core/StructureDefinition-us-core-practitioner.html"
Provider Phone,Public Health,Care Team Member(s),Case Reporting,bddf78228745b95098e5edb90cbb351f,d66045628745b95098e5edb90cbb350a,b98085628745b95098e5edb90cbb35cf,10f6978a1bb67d1094626318624bcbeb,The provider's phone number with area code.,published,,,no,,,,,,,,,,"0b75b58e1b7af9108888a7d8624bcb65,0d187dce1b7af9108888a7d8624bcb19","https://hl7.org/fhir/us/core/StructureDefinition-us-core-encounter.html,https://hl7.org/fhir/us/core/StructureDefinition-us-core-practitioner.html"
Provider Fax,Public Health,Care Team Member(s),Case Reporting,bddf78228745b95098e5edb90cbb351f,d66045628745b95098e5edb90cbb350a,b98085628745b95098e5edb90cbb35cf,33f71bca1bb67d1094626318624bcb75,The providers's fax number with area code.,published,,,no,,,,,,,,,,"0b75b58e1b7af9108888a7d8624bcb65,0d187dce1b7af9108888a7d8624bcb19","https://hl7.org/fhir/us/core/StructureDefinition-us-core-encounter.html,https://hl7.org/fhir/us/core/StructureDefinition-us-core-practitioner.html"
Provider Address,Public Health,Care Team Member(s),Case Reporting,bddf78228745b95098e5edb90cbb351f,d66045628745b95098e5edb90cbb350a,b98085628745b95098e5edb90cbb35cf,1b785fca1bb67d1094626318624bcbd2,"The geographical location or mailing address of the provider's office or facility. Address must include street address, office or suite number (if applicable), city or town, state, and zip code.",published,,,no,,,,,,,,,,"0b75b58e1b7af9108888a7d8624bcb65,0d187dce1b7af9108888a7d8624bcb19","https://hl7.org/fhir/us/core/StructureDefinition-us-core-encounter.html,https://hl7.org/fhir/us/core/StructureDefinition-us-core-practitioner.html"
Provider NPI,Public Health,Care Team Member(s),Case Reporting,bddf78228745b95098e5edb90cbb351f,d66045628745b95098e5edb90cbb350a,b98085628745b95098e5edb90cbb35cf,7d57578a1bb67d1094626318624bcb09,Identification code for the care provider.,published,,,no,,,,,,,,5ccab9821bbaf9108888a7d8624bcb12,https://hl7.org/fhir/us/ph-library/2022Sep/StructureDefinition-us-ph-encounter.html,"0b75b58e1b7af9108888a7d8624bcb65,0d187dce1b7af9108888a7d8624bcb19","https://hl7.org/fhir/us/core/StructureDefinition-us-core-encounter.html,https://hl7.org/fhir/us/core/StructureDefinition-us-core-practitioner.html"
Pregnancy Outcome Date,Public Health,Newborn's Delivery Information,Case Reporting,bddf78228745b95098e5edb90cbb351f,d66045628745b95098e5edb90cbb350a,f58085628745b95098e5edb90cbb35e7,e7517ed61bb2bd1094626318624bcb9d,Date on which the pregnancy outcome occurred.,published,,,no,,,,,,,,477b31c21bbaf9108888a7d8624bcbf7,https://hl7.org/fhir/us/ph-library/2022Sep/StructureDefinition-us-ph-pregnancy-outcome-observation.html,df5875021bbaf9108888a7d8624bcb20,https://hl7.org/fhir/us/core/StructureDefinition-us-core-simple-observation.html
Pregnancy Outcome,Public Health,Newborn's Delivery Information,Case Reporting,bddf78228745b95098e5edb90cbb351f,d66045628745b95098e5edb90cbb350a,f58085628745b95098e5edb90cbb35e7,4d8c93d81bd5b110f7052f84604bcbac,"The result of the subject’s delivery, such as live birth or not a live birth.",published,,,yes,Level 0,https://www.healthit.gov/isa/taxonomy/term/3186/level-0,,,,,,477b31c21bbaf9108888a7d8624bcbf7,https://hl7.org/fhir/us/ph-library/2022Sep/StructureDefinition-us-ph-pregnancy-outcome-observation.html,df5875021bbaf9108888a7d8624bcb20,https://hl7.org/fhir/us/core/StructureDefinition-us-core-simple-observation.html
Cause of Death Information,Public Health,Clinical Notes,Case Reporting,bddf78228745b95098e5edb90cbb351f,d66045628745b95098e5edb90cbb350a,f58085628745b95098e5edb90cbb35d0,ee7c13d81bd5b110f7052f84604bcb4d,"Cause of death information includes the sequence of events leading to death as well as other conditions significantly contributing to death. The underlying cause of death may be different than the terminal condition. This may include summary of death note, and/or death information that may be captured within the discharge summary note or other cause of death documentation within the clinical notes section. Documented in Progress Notes if known. Documented in Death Certificate signed by physician (typically pcp, emergency doc, or coroner).",published,,,yes,Level 0,https://www.healthit.gov/isa/taxonomy/term/2786/level-0,,,,,,ed5d3d821bbaf9108888a7d8624bcbe0,https://hl7.org/fhir/us/vrdr/StructureDefinition-vrdr-cause-of-death-part1.html,,